{"cameraMode":{"drawMode":0,"name":"Shaded","section":"Shading Mode"},"sceneLighting":false,"audioPlay":false,"sceneViewState":{"m_AlwaysRefresh":false,"showFog":true,"showSkybox":false,"showFlares":true,"showImageEffects":true,"showParticleSystems":true,"showVisualEffectGraphs":true,"m_FxEnabled":true},"in2DMode":false,"pivot":{"x":6.000000953674316,"y":0.02500009536743164,"z":17.999998092651368},"rotation":{"x":-0.024295957759022714,"y":-0.6449666619300842,"z":0.020522840321063997,"w":-0.7635548710823059},"size":6.390382766723633,"orthographic":false}