{"cameraMode":{"drawMode":0,"name":"Shaded","section":"Shading Mode"},"sceneLighting":true,"audioPlay":false,"sceneViewState":{"m_AlwaysRefresh":false,"showFog":true,"showSkybox":true,"showFlares":true,"showImageEffects":true,"showParticleSystems":true,"showVisualEffectGraphs":true,"m_FxEnabled":true},"in2DMode":false,"pivot":{"x":21.96573257446289,"y":0.19497139751911164,"z":12.564785957336426},"rotation":{"x":0.4085410535335541,"y":0.4220414459705353,"z":-0.22148561477661134,"w":0.7784230709075928},"size":10.399792671203614,"orthographic":false}